,train loss,valid loss
0,1.395387887954712,1.3856995105743408
